"","ENSG00000164308.12","ENSG00000124587.9","ENSG00000180185.7","ENSG00000168827.9","ENSG00000136536.9"
"HG00096",-1.16633689696683,-0.685935753049393,-0.306242139658105,0.927584408622131,0.360008763945335
"HG00097",-1.04580261431236,-0.178957574493853,-1.03333046420892,-0.667664420705464,-1.77825295709656
"HG00099",1.04580261431236,-0.894574678593869,-2.52426034364226,-2.75904239094674,-2.52426034364226
"HG00100",0.223446000722478,-0.0982432620682955,1.15211124629477,0.2533471031358,0.054518914848101
"HG00101",-0.223446000722478,0.862512064376565,1.3782829603729,1.0842344300009,0.260856854090312
"HG00102",-1.45768446378153,-0.329167633736699,-0.186345392110644,-1.16633689696683,-2.37832893336567
"HG00103",2.52426034364226,-0.916470277450651,1.45768446378153,1.21050035006428,-0.536946821289634
"HG00104",0.238369910397064,-0.291048152036459,-0.112855738617201,-0.0763628372999463,-0.0763628372999463
"HG00106",0.841621233572914,-0.336847472828875,1.47903696807313,0.383364831687407,0.614128472340675
"HG00108",0.713781471141954,0.487241842221569,-0.685935753049393,-1.32398734880788,-0.87309977661884
"HG00109",0.57082844070779,-0.391196258189472,1.94169600161785,0.996843294438167,-1.47903696807313
"HG00110",0.0472438985491378,0.216002874094624,0.120170828099354,-0.852020167764865,0.112855738617201
"HG00111",-1.59754207091797,0.438712918596108,0.883786279781473,1.28985372774504,0.238369910397064
"HG00112",0.883786279781473,0.422769053830578,0.298636527929015,-0.742192000707149,1.3782829603729
"HG00114",0.470943392868281,0.208571695014205,-0.695157630229606,1.45768446378153,1.34164803062553
"HG00116",-1.11077161663679,-1.89591704635569,0.45476910046178,-0.528573353230285,0.495439589289988
"HG00117",1.85379764219965,-0.579400687134516,0.178957574493853,-0.2533471031358,0.164210777079331
"HG00118",-1.43697661736907,-1.68104783696478,-0.164210777079331,1.24130593342226,1.77825295709656
"HG00119",-0.112855738617201,-0.223446000722478,-0.2533471031358,0.536946821289634,-0.562297937286431
"HG00120",-0.344547230995852,-0.27592106310796,1.19551966435596,-0.298636527929015,-0.375556847421688
"HG00121",1.13811500395759,0.0909450775354972,-0.0982432620682955,-0.329167633736699,-0.0254323035515012
"HG00122",0.790928858076957,0.186345392110644,-0.520236783466666,-0.383364831687407,0.751795725375043
"HG00123",0.336847472828875,1.34164803062553,-0.553808157475141,1.41686726396468,1.19551966435596
"HG00124",-1.77825295709656,0.916470277450651,-0.120170828099355,-0.283476499013379,0.336847472828875
"HG00125",-0.399051751363824,-0.306242139658105,0.841621233572914,-0.0327009786272293,-2.04779888005601
"HG00126",1.09740642022538,-1.47903696807313,-0.156850948269853,-0.831312523824641,0.2533471031358
"HG00127",0.950163886289719,-0.0909450775354971,-0.649613316774583,-0.640666889919105,0.704439008633485
"HG00128",0.283476499013379,-0.406931947371872,-1.68104783696478,1.04580261431236,-1.99194756281586
"HG00129",-0.973238495229513,0.528573353230285,1.03333046420892,-1.21050035006428,-0.622925723210088
"HG00130",-1.68104783696478,0.462841111101068,-0.961637188471036,0.503670767804903,0.186345392110644
"HG00131",-2.27031618412745,-0.631771450027029,-0.894574678593869,-0.291048152036459,-0.487241842221569
"HG00133",-1.22575773870374,0.950163886289719,0.329167633736699,0.87309977661884,0.422769053830578
"HG00134",0.605378495489875,-0.961637188471036,0.996843294438167,0.306242139658105,1.28985372774504
"HG00135",0.298636527929015,0.367771692256323,0.260856854090312,0.0108985995538832,0.223446000722478
"HG00136",1.65192066575712,1.03333046420892,0.112855738617201,0.528573353230285,0.916470277450651
"HG00137",1.39731508813371,-0.208571695014205,0.536946821289634,0.446726613508223,0.321507160267717
"HG00138",-1.30673023060499,1.71167530650973,-1.32398734880788,0.631771450027029,0.996843294438167
"HG00139",-0.178957574493853,-0.950163886289719,0.528573353230285,-0.87309977661884,0.352267470737613
"HG00141",1.25716014400141,-1.71167530650973,0.0909450775354972,-0.596674624445304,1.03333046420892
"HG00142",1.12433823156864,-0.283476499013379,0.245851613108083,0.216002874094624,1.71167530650973
"HG00143",0.536946821289634,0.336847472828875,0.367771692256323,-1.45768446378153,0.771214653234946
"HG00146",-0.193743394592957,-0.503670767804903,2.37832893336567,0.375556847421688,1.21050035006428
"HG00148",1.0842344300009,0.984972292326496,1.04580261431236,-2.52426034364226,-0.905468215149992
"HG00149",-0.142156334137335,0.134820720034536,1.54751491633472,-0.193743394592957,-0.230901527086056
"HG00150",0.00363280259140224,0.742192000707149,-0.0181649719262723,-0.223446000722478,-1.03333046420892
"HG00151",-0.352267470737613,0.399051751363824,-0.841621233572914,2.37832893336567,-0.112855738617201
"HG00152",-1.89591704635569,-2.18368357888543,-0.17157951159206,-0.8109553641377,-2.18368357888543
"HG00154",0.676771844644883,0.27592106310796,-0.208571695014205,-1.24130593342226,0.622925723210088
"HG00155",0.321507160267717,0.790928858076957,0.360008763945335,0.164210777079331,2.37832893336567
"HG00156",0.938814316876903,-0.973238495229513,1.50108594604402,0.406931947371872,0.852020167764865
"HG00158",-1.71167530650973,1.05843960266334,0.894574678593869,0.0254323035515012,-0.268381345510807
"HG00159",-0.2533471031358,1.22575773870374,0.0181649719262725,-0.927584408622131,-0.916470277450651
"HG00160",0.905468215149993,-0.201152016104373,-0.238369910397064,0.545358108124991,0.676771844644883
"HG00171",0.291048152036459,-1.19551966435596,-0.640666889919105,-0.950163886289719,-1.07124791801605
"HG00173",1.74399810491425,-0.511936213871329,-1.19551966435596,-2.18368357888543,-1.3782829603729
"HG00174",-0.676771844644883,0.260856854090312,1.24130593342226,-0.238369910397064,-0.120170828099355
"HG00176",0.528573353230285,0.321507160267717,0.352267470737613,-1.11077161663679,0.950163886289719
"HG00177",-0.562297937286431,-0.831312523824641,-0.631771450027029,-1.99194756281586,-1.09740642022538
"HG00178",-0.487241842221569,-0.127492353731062,-1.94169600161785,0.588015723303817,-0.961637188471036
"HG00179",-0.268381345510807,0.0982432620682955,-0.291048152036459,0.470943392868281,0.0108985995538832
"HG00180",0.704439008633485,-1.25716014400141,-1.45768446378153,0.0327009786272294,0.503670767804903
"HG00182",0.0909450775354972,0.676771844644883,0.216002874094624,-0.0836517339071291,2.18368357888543
"HG00183",0.821091409407853,-0.142156334137335,-0.667664420705464,0.821091409407853,0.8109553641377
"HG00185",0.054518914848101,-0.321507160267717,2.04779888005601,-0.422769053830578,-1.05843960266334
"HG00186",-1.13811500395759,-1.05843960266334,-0.329167633736699,-0.800901959219218,2.75904239094675
"HG00187",-0.120170828099355,0.0399713818482105,1.11077161663679,-0.430727299295457,-2.11088021938801
"HG00188",0.462841111101068,0.45476910046178,0.0836517339071291,0.399051751363824,0.0982432620682955
"HG00189",0.268381345510807,0.520236783466666,1.32398734880788,0.622925723210088,-0.260856854090312
"HG00231",1.50108594604402,-1.16633689696683,-0.676771844644883,1.16633689696683,0.520236783466666
"HG00232",0.375556847421688,-0.938814316876903,0.495439589289988,0.704439008633485,-1.25716014400141
"HG00233",0.127492353731062,-0.134820720034536,-0.298636527929015,0.973238495229513,0.596674624445304
"HG00234",1.62413112667095,0.120170828099354,-1.85379764219965,-0.938814316876903,-0.76146929552599
"HG00235",1.18080257875071,1.81473126819737,-0.588015723303816,-0.352267470737613,-0.422769053830578
"HG00236",-0.0327009786272293,0.723186653500953,0.2533471031358,1.35973738393861,1.27333680778911
"HG00238",-0.462841111101068,0.479076709611943,1.43697661736907,0.984972292326496,1.04580261431236
"HG00239",1.27333680778911,1.04580261431236,-0.821091409407853,-0.973238495229513,-0.2533471031358
"HG00240",1.94169600161785,-0.17157951159206,-0.127492353731062,0.27592106310796,-0.105546683205471
"HG00242",0.149499605937229,-0.216002874094624,-0.321507160267717,-1.85379764219965,-0.391196258189472
"HG00243",-0.283476499013379,1.19551966435596,-1.34164803062553,-0.73265624689986,1.35973738393861
"HG00244",0.120170828099354,-0.841621233572914,1.21050035006428,0.852020167764865,-0.781033811522709
"HG00245",0.142156334137335,-1.12433823156864,1.09740642022538,0.73265624689986,-0.0108985995538832
"HG00246",0.112855738617201,0.996843294438167,0.223446000722478,1.18080257875071,0.841621233572914
"HG00247",0.399051751363824,0.73265624689986,0.938814316876903,1.89591704635569,0.306242139658105
"HG00249",0.579400687134516,-0.054518914848101,-1.30673023060499,-0.649613316774583,0.579400687134516
"HG00250",-0.479076709611943,0.127492353731062,-0.0472438985491376,0.105546683205471,-0.0327009786272293
"HG00251",-0.230901527086056,0.193743394592957,-1.27333680778911,-1.03333046420892,-0.321507160267717
"HG00252",1.05843960266334,-0.238369910397064,1.89591704635569,0.723186653500953,0.0399713818482105
"HG00253",-0.614128472340675,-0.667664420705464,-1.07124791801605,-1.68104783696478,-0.127492353731062
"HG00255",0.495439589289988,0.156850948269853,-1.28985372774504,-0.360008763945335,1.00885646145564
"HG00256",2.04779888005601,0.0181649719262725,-1.12433823156864,-0.862512064376565,0.17157951159206
"HG00257",0.216002874094624,0.383364831687407,0.76146929552599,-0.367771692256323,1.32398734880788
"HG00258",0.695157630229606,1.62413112667095,-0.223446000722478,0.156850948269853,1.65192066575712
"HG00259",-0.291048152036459,1.25716014400141,1.27333680778911,1.05843960266334,0.742192000707149
"HG00260",-0.0472438985491376,0.973238495229513,0.156850948269853,-0.208571695014205,0.553808157475141
"HG00261",-1.65192066575712,0.149499605937229,0.742192000707149,-0.562297937286431,-0.223446000722478
"HG00262",-1.21050035006428,1.43697661736907,0.283476499013379,-1.81473126819737,0.149499605937229
"HG00263",1.45768446378153,-1.0842344300009,0.134820720034536,1.99194756281586,-0.742192000707149
"HG00264",-0.208571695014205,1.45768446378153,1.28985372774504,0.260856854090312,-0.134820720034536
"HG00265",1.54751491633472,-0.120170828099355,-0.375556847421688,1.30673023060499,0.446726613508223
"HG00266",0.479076709611943,-0.164210777079331,-1.11077161663679,0.0181649719262725,-0.360008763945335
"HG00267",0.751795725375043,0.658612042889474,0.462841111101068,2.75904239094675,0.667664420705464
"HG00268",-0.723186653500953,0.430727299295457,-1.16633689696683,-0.399051751363824,-0.27592106310796
"HG00269",0.313865507687421,-0.45476910046178,-2.11088021938801,0.208571695014205,-0.862512064376565
"HG00271",1.11077161663679,-1.30673023060499,0.0399713818482105,1.68104783696478,0.313865507687421
"HG00272",-0.704439008633485,0.511936213871329,1.81473126819737,1.77825295709656,0.831312523824641
"HG00273",-0.984972292326496,-1.52388984003012,-0.781033811522709,0.352267470737613,1.99194756281586
"HG00274",-0.87309977661884,-1.15211124629477,0.973238495229513,-0.790928858076957,0.105546683205471
"HG00275",0.984972292326496,0.852020167764865,-1.65192066575712,-1.71167530650973,-1.34164803062553
"HG00276",-0.73265624689986,1.77825295709656,0.73265624689986,-1.05843960266334,0.479076709611943
"HG00277",0.17157951159206,-1.22575773870374,0.313865507687421,-0.771214653234946,-0.503670767804903
"HG00278",2.27031618412745,-1.28985372774504,0.487241842221569,0.414837494542377,0.391196258189472
"HG00280",-1.35973738393861,-1.59754207091797,-2.18368357888543,-1.18080257875071,-2.27031618412745
"HG00281",0.685935753049393,-0.640666889919105,0.685935753049393,-1.47903696807313,1.13811500395759
"HG00282",-0.685935753049393,-0.622925723210088,1.68104783696478,0.8109553641377,1.15211124629477
"HG00284",-0.201152016104373,0.291048152036459,0.713781471141954,0.178957574493853,-0.821091409407853
"HG00285",1.81473126819737,0.178957574493853,-0.771214653234946,-0.306242139658105,-0.520236783466666
"HG00306",-0.0617968177908016,-1.45768446378153,-0.313865507687421,0.57082844070779,0.713781471141954
"HG00309",-1.99194756281586,-1.74399810491425,0.336847472828875,-0.245851613108082,-0.751795725375043
"HG00310",-0.883786279781473,-1.02101701627006,0.503670767804903,-0.164210777079331,-0.695157630229606
"HG00311",0.422769053830578,1.11077161663679,0.790928858076957,1.39731508813371,0.470943392868281
"HG00312",-0.0909450775354971,-1.94169600161785,-0.984972292326496,-1.27333680778911,-0.298636527929015
"HG00313",1.41686726396468,-0.713781471141954,0.821091409407853,1.00885646145564,1.54751491633472
"HG00315",-0.245851613108082,-1.18080257875071,0.054518914848101,-0.230901527086056,0.134820720034536
"HG00319",0.631771450027029,-0.790928858076957,1.74399810491425,-1.0842344300009,0.291048152036459
"HG00320",-0.216002874094624,-0.0617968177908016,0.201152016104373,0.883786279781473,-0.336847472828875
"HG00321",-0.27592106310796,1.30673023060499,-0.503670767804903,1.59754207091797,-1.02101701627006
"HG00323",-0.127492353731062,-0.781033811522709,0.579400687134516,0.520236783466666,-0.996843294438167
"HG00324",0.87309977661884,-1.35973738393861,-0.142156334137335,-0.406931947371872,-0.528573353230285
"HG00325",-0.438712918596108,0.0327009786272294,0.399051751363824,-0.391196258189472,-0.446726613508223
"HG00326",0.245851613108083,1.41686726396468,0.446726613508223,0.329167633736699,-0.313865507687421
"HG00327",-0.238369910397064,-0.344547230995852,0.905468215149993,-2.27031618412745,0.528573353230285
"HG00328",0.2533471031358,0.0763628372999465,-0.545358108124991,-0.0108985995538832,0.821091409407853
"HG00329",-0.528573353230285,-2.52426034364226,-2.75904239094674,-1.28985372774504,-2.75904239094674
"HG00330",-1.00885646145564,-0.73265624689986,0.553808157475141,1.81473126819737,-0.17157951159206
"HG00331",-0.553808157475141,-0.0763628372999463,-0.87309977661884,-0.186345392110644,0.208571695014205
"HG00332",-0.430727299295457,2.11088021938801,1.77825295709656,0.120170828099354,0.649613316774583
"HG00334",2.75904239094675,-1.21050035006428,0.781033811522709,-0.112855738617201,0.883786279781473
"HG00335",1.28985372774504,0.054518914848101,0.438712918596108,-0.479076709611943,-0.0472438985491376
"HG00336",0.487241842221569,2.75904239094675,-0.905468215149992,-0.821091409407853,0.723186653500953
"HG00337",-0.0982432620682955,0.360008763945335,1.71167530650973,0.894574678593869,1.16633689696683
"HG00338",-0.0399713818482105,1.59754207091797,0.562297937286431,-0.631771450027029,-0.938814316876903
"HG00339",0.0982432620682955,0.631771450027029,-0.134820720034536,0.676771844644883,0.790928858076957
"HG00341",-0.536946821289634,0.201152016104373,2.11088021938801,-1.39731508813371,-1.12433823156864
"HG00342",0.894574678593869,0.76146929552599,-0.562297937286431,0.751795725375043,-0.329167633736699
"HG00343",-1.15211124629477,0.2533471031358,-0.622925723210088,0.0617968177908018,-0.414837494542377
"HG00344",2.11088021938801,0.446726613508223,1.25716014400141,1.12433823156864,-0.193743394592957
"HG00345",-0.961637188471036,0.313865507687421,-0.713781471141954,-0.588015723303816,-0.73265624689986
"HG00346",-0.164210777079331,-0.462841111101068,-0.0399713818482105,-1.43697661736907,0.0763628372999465
"HG00349",0.658612042889474,-0.186345392110644,0.306242139658105,1.74399810491425,2.27031618412745
"HG00350",2.37832893336567,0.821091409407853,-1.3782829603729,1.50108594604402,0.298636527929015
"HG00351",-1.0842344300009,0.579400687134516,-0.0909450775354971,0.562297937286431,1.43697661736907
"HG00353",-0.742192000707149,-0.852020167764865,-0.0836517339071291,0.238369910397064,-1.43697661736907
"HG00355",-0.391196258189472,-1.24130593342226,1.22575773870374,0.916470277450651,1.11077161663679
"HG00356",1.52388984003012,0.283476499013379,-0.479076709611943,1.22575773870374,0.00363280259140224
"HG00358",0.0181649719262725,-0.695157630229606,0.422769053830578,-0.127492353731062,-1.89591704635569
"HG00359",-1.52388984003012,-0.821091409407853,-0.260856854090312,0.336847472828875,-0.614128472340675
"HG00360",-0.894574678593869,0.704439008633485,-0.658612042889474,2.27031618412745,-0.208571695014205
"HG00361",0.622925723210088,-1.62413112667095,-0.230901527086056,-0.142156334137335,1.68104783696478
"HG00362",0.391196258189472,-0.0690779954956574,-1.81473126819737,1.02101701627006,0.984972292326496
"HG00364",-1.07124791801605,-0.260856854090312,0.588015723303817,-1.59754207091797,-0.462841111101068
"HG00366",-0.57082844070779,0.223446000722478,1.62413112667095,0.391196258189472,0.245851613108083
"HG00367",0.438712918596108,-1.99194756281586,1.16633689696683,-0.894574678593869,-0.238369910397064
"HG00369",0.383364831687407,0.0690779954956574,0.704439008633485,0.127492353731062,1.52388984003012
"HG00372",0.0399713818482105,0.751795725375043,-1.13811500395759,-0.961637188471036,1.07124791801605
"HG00373",0.164210777079331,-1.57203674824224,0.614128472340675,1.62413112667095,0.375556847421688
"HG00375",-0.622925723210088,-0.230901527086056,0.640666889919105,1.11077161663679,0.27592106310796
"HG00376",-1.57203674824224,0.667664420705464,0.676771844644883,0.134820720034536,0.383364831687407
"HG00377",0.553808157475141,-0.545358108124991,0.605378495489875,0.45476910046178,-0.479076709611943
"HG00378",-1.3782829603729,-0.751795725375043,-0.723186653500953,-0.996843294438167,1.12433823156864
"HG00381",-0.76146929552599,0.8109553641377,0.470943392868281,0.553808157475141,0.0254323035515012
"HG00382",-1.85379764219965,0.414837494542377,1.35973738393861,-0.916470277450651,-0.713781471141954
"HG00383",0.0836517339071291,-1.03333046420892,-0.831312523824641,-1.13811500395759,0.0690779954956574
"HG00384",-0.313865507687421,0.831312523824641,1.02101701627006,1.03333046420892,0.685935753049393
"HG01334",-2.18368357888543,0.470943392868281,-0.0763628372999463,-1.89591704635569,-1.19551966435596
"NA06984",0.260856854090312,0.306242139658105,0.862512064376565,0.479076709611943,1.05843960266334
"NA06986",-0.596674624445304,-0.0181649719262723,1.0842344300009,-0.520236783466666,1.94169600161785
"NA06989",0.446726613508223,-0.8109553641377,1.30673023060499,0.511936213871329,0.0909450775354972
"NA06994",0.27592106310796,-0.0108985995538832,0.852020167764865,-1.04580261431236,-0.0836517339071291
"NA07037",1.19551966435596,1.12433823156864,0.414837494542377,0.00363280259140224,0.438712918596108
"NA07048",0.352267470737613,2.18368357888543,1.39731508813371,-1.30673023060499,1.22575773870374
"NA07051",0.367771692256323,-0.76146929552599,-1.18080257875071,-1.34164803062553,-0.495439589289988
"NA07056",-0.321507160267717,-0.193743394592957,-2.27031618412745,-1.57203674824224,-0.723186653500953
"NA07347",0.511936213871329,-1.50108594604402,0.27592106310796,-1.09740642022538,1.09740642022538
"NA07357",0.614128472340675,0.588015723303817,0.771214653234946,0.313865507687421,-0.430727299295457
"NA10847",1.00885646145564,-0.528573353230285,-0.406931947371872,0.605378495489875,-0.054518914848101
"NA10851",0.771214653234946,0.545358108124991,-0.201152016104373,1.32398734880788,1.18080257875071
"NA11829",-0.503670767804903,-1.54751491633472,0.0763628372999465,-1.15211124629477,1.39731508813371
"NA11830",0.0617968177908018,-0.105546683205471,-0.399051751363824,-0.105546683205471,-0.676771844644883
"NA11831",-0.0036328025914021,-2.04779888005601,-1.05843960266334,-0.134820720034536,0.414837494542377
"NA11843",0.134820720034536,-1.85379764219965,-1.04580261431236,1.25716014400141,-0.894574678593869
"NA11892",-0.406931947371872,0.375556847421688,-1.74399810491425,0.360008763945335,-1.50108594604402
"NA11893",1.03333046420892,-0.360008763945335,-1.43697661736907,-0.487241842221569,0.193743394592957
"NA11894",0.800901959219218,0.238369910397064,0.208571695014205,-0.605378495489875,1.24130593342226
"NA11920",-0.640666889919105,-1.09740642022538,0.344547230995852,-0.313865507687421,1.41686726396468
"NA11930",-0.950163886289719,-1.04580261431236,-1.52388984003012,0.614128472340675,-0.156850948269853
"NA11931",-0.414837494542377,0.00363280259140224,0.0472438985491378,-0.17157951159206,0.57082844070779
"NA11992",-0.520236783466666,-2.75904239094674,-0.383364831687407,1.27333680778911,1.30673023060499
"NA11993",-0.927584408622131,-1.27333680778911,-1.25716014400141,-0.201152016104373,0.605378495489875
"NA11994",-1.34164803062553,-0.676771844644883,0.0108985995538832,-1.62413112667095,-0.438712918596108
"NA11995",0.430727299295457,1.13811500395759,-1.77825295709656,1.09740642022538,-1.27333680778911
"NA12004",-0.360008763945335,-0.446726613508223,-1.57203674824224,0.367771692256323,-1.65192066575712
"NA12006",0.862512064376565,-1.34164803062553,-0.927584408622131,1.15211124629477,-0.470943392868281
"NA12043",2.18368357888543,-0.905468215149992,-1.24130593342226,-1.74399810491425,-0.216002874094624
"NA12044",-0.511936213871329,0.352267470737613,0.658612042889474,0.487241842221569,-1.13811500395759
"NA12045",0.45476910046178,0.57082844070779,0.0690779954956574,-0.0617968177908016,-0.800901959219218
"NA12058",-0.695157630229606,-1.77825295709656,0.520236783466666,0.667664420705464,2.11088021938801
"NA12144",1.71167530650973,1.99194756281586,0.193743394592957,-0.495439589289988,1.89591704635569
"NA12154",0.76146929552599,-0.520236783466666,0.391196258189472,-0.470943392868281,2.52426034364226
"NA12155",0.996843294438167,0.536946821289634,2.52426034364226,1.65192066575712,0.178957574493853
"NA12249",1.47903696807313,0.640666889919105,1.85379764219965,0.0690779954956574,-1.32398734880788
"NA12272",0.208571695014205,-0.0836517339071291,-1.15211124629477,0.685935753049393,-1.57203674824224
"NA12273",-0.790928858076957,-1.41686726396468,1.41686726396468,-0.462841111101068,-0.352267470737613
"NA12275",1.57203674824224,1.18080257875071,0.268381345510807,0.596674624445304,0.230901527086056
"NA12282",-0.545358108124991,0.841621233572914,1.99194756281586,-2.37832893336567,-1.24130593342226
"NA12283",0.329167633736699,1.94169600161785,0.511936213871329,0.950163886289719,0.938814316876903
"NA12286",-0.17157951159206,1.89591704635569,1.57203674824224,-0.57082844070779,0.0472438985491378
"NA12287",0.781033811522709,2.27031618412745,0.00363280259140224,0.76146929552599,0.588015723303817
"NA12340",0.667664420705464,-1.32398734880788,-0.0108985995538832,1.3782829603729,-1.16633689696683
"NA12341",0.640666889919105,1.07124791801605,-0.268381345510807,0.149499605937229,0.695157630229606
"NA12342",-0.831312523824641,0.0108985995538832,0.596674624445304,0.186345392110644,-0.588015723303816
"NA12347",1.68104783696478,1.85379764219965,-0.0327009786272293,0.193743394592957,-0.950163886289719
"NA12348",-1.18080257875071,-0.984972292326496,1.34164803062553,-0.0472438985491376,0.406931947371872
"NA12383",1.34164803062553,-2.37832893336567,-0.446726613508223,-0.260856854090312,0.0617968177908018
"NA12399",-0.446726613508223,-0.375556847421688,-1.00885646145564,-0.375556847421688,0.0836517339071291
"NA12400",-0.470943392868281,1.02101701627006,-0.245851613108082,2.52426034364226,-0.406931947371872
"NA12413",0.406931947371872,2.04779888005601,0.149499605937229,1.57203674824224,1.81473126819737
"NA12489",0.0254323035515012,1.24130593342226,-0.422769053830578,-1.00885646145564,-0.553808157475141
"NA12546",0.723186653500953,0.230901527086056,0.916470277450651,0.0472438985491378,1.59754207091797
"NA12716",1.02101701627006,-0.996843294438167,1.52388984003012,0.422769053830578,-0.0909450775354971
"NA12717",0.916470277450651,0.562297937286431,0.723186653500953,0.283476499013379,-0.771214653234946
"NA12718",-1.50108594604402,0.0617968177908018,-1.50108594604402,0.17157951159206,0.329167633736699
"NA12749",0.201152016104373,-1.43697661736907,-1.71167530650973,0.268381345510807,-0.399051751363824
"NA12750",0.8109553641377,-0.0327009786272293,-0.704439008633485,-0.841621233572914,-1.81473126819737
"NA12751",1.16633689696683,2.37832893336567,0.667664420705464,-1.22575773870374,-0.142156334137335
"NA12761",-0.260856854090312,-0.0254323035515012,0.57082844070779,1.94169600161785,0.283476499013379
"NA12763",0.973238495229513,-0.383364831687407,-0.178957574493853,0.905468215149993,-0.545358108124991
"NA12775",-0.0108985995538832,1.16633689696683,0.695157630229606,-1.35973738393861,-0.790928858076957
"NA12777",0.927584408622131,-1.65192066575712,0.927584408622131,0.781033811522709,0.631771450027029
"NA12778",-1.05843960266334,0.0836517339071291,-0.336847472828875,-0.120170828099355,1.25716014400141
"NA12812",-2.52426034364226,0.298636527929015,0.406931947371872,-0.0181649719262723,-0.984972292326496
"NA12814",-0.186345392110644,-0.479076709611943,-0.742192000707149,0.344547230995852,0.45476910046178
"NA12815",0.588015723303817,0.596674624445304,-0.973238495229513,0.201152016104373,-1.35973738393861
"NA12827",-0.862512064376565,-1.11077161663679,-0.57082844070779,0.938814316876903,0.800901959219218
"NA12829",0.306242139658105,-0.352267470737613,0.950163886289719,-1.12433823156864,-0.579400687134516
"NA12830",1.89591704635569,0.245851613108083,0.831312523824641,2.11088021938801,0.344547230995852
"NA12842",0.520236783466666,0.87309977661884,0.800901959219218,-0.149499605937229,0.961637188471036
"NA12843",0.414837494542377,-1.39731508813371,-0.528573353230285,1.52388984003012,0.487241842221569
"NA12872",1.24130593342226,1.74399810491425,-0.0690779954956574,0.800901959219218,-1.85379764219965
"NA12873",-0.649613316774583,1.47903696807313,0.0254323035515012,-0.676771844644883,0.0327009786272294
"NA12874",-1.02101701627006,1.28985372774504,-0.430727299295457,-1.54751491633472,0.268381345510807
"NA12889",-0.579400687134516,-0.495439589289988,0.0327009786272294,-1.07124791801605,-0.631771450027029
"NA12890",-0.588015723303816,-0.470943392868281,-0.938814316876903,-0.905468215149992,0.462841111101068
"NA20502",-0.0254323035515012,-0.553808157475141,-0.438712918596108,-1.65192066575712,-1.21050035006428
"NA20503",1.35973738393861,1.32398734880788,-0.0617968177908016,0.0909450775354972,1.57203674824224
"NA20504",-0.781033811522709,0.649613316774583,0.430727299295457,0.223446000722478,1.62413112667095
"NA20505",0.503670767804903,0.553808157475141,-0.462841111101068,-0.0982432620682955,0.894574678593869
"NA20506",-0.45476910046178,1.65192066575712,-0.149499605937229,-0.446726613508223,-1.41686726396468
"NA20507",1.30673023060499,0.17157951159206,-0.193743394592957,1.71167530650973,-1.62413112667095
"NA20508",-0.375556847421688,1.35973738393861,-1.39731508813371,-1.52388984003012,-0.852020167764865
"NA20509",-0.495439589289988,-0.771214653234946,-0.605378495489875,0.054518914848101,0.536946821289634
"NA20510",-1.74399810491425,0.894574678593869,0.961637188471036,-0.685935753049393,1.74399810491425
"NA20512",-1.27333680778911,1.0842344300009,-0.950163886289719,-0.658612042889474,1.02101701627006
"NA20513",0.831312523824641,-0.313865507687421,1.00885646145564,0.649613316774583,0.781033811522709
"NA20515",-0.667664420705464,-1.00885646145564,-0.8109553641377,-0.503670767804903,0.120170828099354
"NA20516",-0.0836517339071291,1.39731508813371,-0.0036328025914021,1.43697661736907,0.562297937286431
"NA20517",-0.422769053830578,0.961637188471036,-0.614128472340675,0.291048152036459,0.76146929552599
"NA20518",0.344547230995852,0.622925723210088,-1.54751491633472,0.640666889919105,-1.54751491633472
"NA20519",-2.75904239094674,0.605378495489875,-0.536946821289634,0.245851613108083,-1.18080257875071
"NA20520",0.0327009786272294,-0.704439008633485,0.479076709611943,-0.336847472828875,-0.640666889919105
"NA20521",-2.04779888005601,-0.2533471031358,-0.45476910046178,-0.751795725375043,-1.68104783696478
"NA20524",-0.905468215149992,-0.588015723303816,-0.996843294438167,0.658612042889474,-0.164210777079331
"NA20525",-1.09740642022538,-0.367771692256323,-1.22575773870374,0.298636527929015,-1.59754207091797
"NA20527",-0.383364831687407,1.21050035006428,-0.495439589289988,0.142156334137335,-0.306242139658105
"NA20528",0.961637188471036,-0.883786279781473,-0.105546683205471,0.0836517339071291,0.640666889919105
"NA20529",-0.156850948269853,-1.81473126819737,-0.487241842221569,-0.45476910046178,0.73265624689986
"NA20530",-0.821091409407853,-0.87309977661884,0.375556847421688,-0.344547230995852,-0.291048152036459
"NA20531",1.59754207091797,-0.0399713818482105,-1.99194756281586,1.34164803062553,-1.22575773870374
"NA20532",-1.39731508813371,0.781033811522709,-1.35973738393861,-0.553808157475141,-1.04580261431236
"NA20534",-0.0763628372999463,-0.614128472340675,-0.054518914848101,1.19551966435596,0.399051751363824
"NA20535",0.649613316774583,-1.3782829603729,0.127492353731062,-0.0036328025914021,-0.596674624445304
"NA20536",-2.11088021938801,-0.149499605937229,0.383364831687407,-0.268381345510807,-1.94169600161785
"NA20537",-0.134820720034536,1.27333680778911,-0.916470277450651,-2.11088021938801,-1.74399810491425
"NA20538",-0.0690779954956574,0.391196258189472,-0.852020167764865,0.230901527086056,-1.52388984003012
"NA20539",-1.28985372774504,1.00885646145564,0.8109553641377,-1.25716014400141,-0.383364831687407
"NA20540",-0.800901959219218,-0.562297937286431,1.59754207091797,-0.156850948269853,2.04779888005601
"NA20541",0.562297937286431,-0.430727299295457,0.164210777079331,-0.054518914848101,0.927584408622131
"NA20542",1.3782829603729,0.905468215149993,-1.21050035006428,-1.3782829603729,-1.71167530650973
"NA20543",-0.938814316876903,0.164210777079331,-0.511936213871329,-0.614128472340675,-0.8109553641377
"NA20544",-0.8109553641377,-0.742192000707149,-2.37832893336567,-0.0690779954956574,-0.0982432620682955
"NA20581",-2.37832893336567,2.52426034364226,1.12433823156864,-0.0399713818482105,0.511936213871329
"NA20582",0.73265624689986,1.09740642022538,-0.596674624445304,-0.713781471141954,0.87309977661884
"NA20585",-0.306242139658105,-0.658612042889474,-0.27592106310796,-0.438712918596108,-0.186345392110644
"NA20586",0.230901527086056,-0.414837494542377,1.05843960266334,2.18368357888543,0.216002874094624
"NA20588",-0.631771450027029,1.50108594604402,-1.0842344300009,0.462841111101068,-0.283476499013379
"NA20589",-0.605378495489875,-2.27031618412745,-1.41686726396468,0.771214653234946,-0.927584408622131
"NA20752",-1.41686726396468,0.685935753049393,-1.59754207091797,0.0763628372999465,-0.0181649719262723
"NA20754",0.0763628372999465,-0.862512064376565,0.0982432620682955,1.85379764219965,0.156850948269853
"NA20756",1.21050035006428,0.142156334137335,-0.883786279781473,-0.536946821289634,-0.605378495489875
"NA20757",-1.47903696807313,-0.605378495489875,-1.62413112667095,0.695157630229606,-1.15211124629477
"NA20758",-1.25716014400141,0.800901959219218,0.105546683205471,1.47903696807313,-0.704439008633485
"NA20759",-0.0181649719262723,0.0254323035515012,-1.47903696807313,-1.50108594604402,-0.45476910046178
"NA20760",0.178957574493853,-0.596674624445304,-0.391196258189472,-1.77825295709656,-0.667664420705464
"NA20761",-1.03333046420892,0.268381345510807,0.142156334137335,0.321507160267717,-0.0036328025914021
"NA20765",1.43697661736907,-1.13811500395759,-0.367771692256323,-0.27592106310796,-0.367771692256323
"NA20766",-1.19551966435596,-0.536946821289634,-1.09740642022538,-0.216002874094624,-1.00885646145564
"NA20768",-0.149499605937229,-0.268381345510807,0.321507160267717,-1.02101701627006,-1.45768446378153
"NA20769",1.32398734880788,0.938814316876903,-0.862512064376565,1.13811500395759,-0.201152016104373
"NA20770",-0.852020167764865,-0.156850948269853,-0.344547230995852,0.495439589289988,0.127492353731062
"NA20771",-1.24130593342226,1.68104783696478,0.545358108124991,-0.704439008633485,1.85379764219965
"NA20772",1.07124791801605,0.614128472340675,-0.283476499013379,-0.0909450775354971,-0.57082844070779
"NA20773",0.0108985995538832,-0.438712918596108,-1.89591704635569,-0.414837494542377,1.50108594604402
"NA20774",1.15211124629477,0.713781471141954,-0.352267470737613,-1.19551966435596,0.545358108124991
"NA20778",-1.81473126819737,0.695157630229606,1.65192066575712,-2.04779888005601,1.0842344300009
"NA20783",-0.916470277450651,0.0472438985491378,0.291048152036459,0.0982432620682955,-0.178957574493853
"NA20785",-1.62413112667095,-0.723186653500953,0.230901527086056,-0.545358108124991,0.0181649719262725
"NA20786",-0.336847472828875,1.57203674824224,2.75904239094675,-0.511936213871329,1.47903696807313
"NA20787",-1.54751491633472,-0.422769053830578,0.87309977661884,0.112855738617201,0.367771692256323
"NA20790",-0.751795725375043,-0.57082844070779,-0.216002874094624,0.961637188471036,0.973238495229513
"NA20792",-1.12433823156864,-0.0036328025914021,-0.360008763945335,-0.321507160267717,0.862512064376565
"NA20795",-0.367771692256323,-1.07124791801605,-0.790928858076957,-0.883786279781473,-0.0690779954956574
"NA20796",-0.329167633736699,-0.927584408622131,-0.470943392868281,0.430727299295457,-0.831312523824641
"NA20797",-0.713781471141954,-0.487241842221569,-0.76146929552599,-0.984972292326496,-1.30673023060499
"NA20798",-1.32398734880788,-0.112855738617201,0.622925723210088,-0.579400687134516,0.905468215149993
"NA20799",-1.94169600161785,-0.298636527929015,-2.04779888005601,1.07124791801605,0.142156334137335
"NA20800",-0.105546683205471,0.927584408622131,0.0617968177908018,0.579400687134516,-0.883786279781473
"NA20801",0.156850948269853,1.52388984003012,2.27031618412745,-0.781033811522709,-1.28985372774504
"NA20802",0.596674624445304,-0.245851613108082,1.18080257875071,0.841621233572914,-0.658612042889474
"NA20803",-0.841621233572914,1.3782829603729,-0.579400687134516,-1.94169600161785,-0.245851613108082
"NA20804",0.545358108124991,0.503670767804903,0.238369910397064,1.54751491633472,-0.973238495229513
"NA20805",-0.996843294438167,-0.649613316774583,-0.0254323035515012,0.862512064376565,-1.0842344300009
"NA20806",-0.658612042889474,1.54751491633472,-0.414837494542377,-0.178957574493853,-0.149499605937229
"NA20807",1.77825295709656,0.883786279781473,-0.73265624689986,0.790928858076957,-0.511936213871329
"NA20808",-0.054518914848101,-0.399051751363824,-0.751795725375043,0.742192000707149,-0.649613316774583
"NA20809",0.193743394592957,0.344547230995852,0.984972292326496,0.713781471141954,-1.11077161663679
"NA20810",0.742192000707149,0.112855738617201,-1.02101701627006,2.04779888005601,-0.0617968177908016
"NA20811",0.0690779954956574,-0.0472438985491376,-0.800901959219218,-0.76146929552599,1.45768446378153
"NA20812",-0.298636527929015,0.406931947371872,1.13811500395759,0.831312523824641,0.201152016104373
"NA20813",0.186345392110644,0.771214653234946,0.631771450027029,-0.0254323035515012,-0.0399713818482105
"NA20814",0.852020167764865,1.15211124629477,0.17157951159206,-1.41686726396468,-1.39731508813371
"NA20815",0.105546683205471,0.105546683205471,0.186345392110644,0.438712918596108,-0.685935753049393
"NA20816",0.360008763945335,-0.800901959219218,1.07124791801605,-0.622925723210088,-0.344547230995852
"NA20819",1.22575773870374,0.329167633736699,0.751795725375043,-0.723186653500953,0.658612042889474
"NA20826",1.99194756281586,-2.11088021938801,0.649613316774583,-0.695157630229606,0.430727299295457
"NA20828",-0.771214653234946,0.495439589289988,2.18368357888543,0.0399713818482105,-0.841621233572914
